{
  "format_version": "1.8.0",
  "animations": {
    "animation.wood_golem.walk": {
      "loop": true,
      "animation_length": 1,
      "bones": {
        "rightleg": {
          "rotation": {
            "0.0": [
              28.25,
              0,
              0
            ],
            "0.5": [
              -33.5,
              0,
              0
            ],
            "1.0": [
              28.25,
              0,
              0
            ]
          }
        },
        "leftleg": {
          "rotation": {
            "0.0": [
              -32.5,
              0,
              0
            ],
            "0.5": [
              22.5,
              0,
              0
            ],
            "1.0": [
              -32.5,
              0,
              0
            ]
          }
        },
        "head": {
          "position": {
            "0.0": [
              0,
              0,
              0
            ],
            "0.25": [
              0,
              -0.175,
              0
            ],
            "0.5": [
              0,
              0,
              0
            ],
            "0.75": [
              0,
              -0.175,
              0
            ],
            "1.0": [
              0,
              0,
              0
            ]
          }
        },
        "leafs5": {
          "rotation": {
            "0.0": [
              0,
              0,
              0
            ],
            "0.25": [
              -9.56615,
              1.89331,
              11.09156
            ],
            "0.5": [
              0,
              0,
              0
            ],
            "0.75": [
              -9.56615,
              1.89331,
              11.09156
            ],
            "1.0": [
              0,
              0,
              0
            ]
          },
          "position": {
            "0.0": [
              0,
              0,
              0
            ],
            "0.25": [
              -0.175,
              -0.75,
              -0.075
            ],
            "0.5": [
              0,
              0,
              0
            ],
            "0.75": [
              -0.175,
              -0.75,
              -0.075
            ],
            "1.0": [
              0,
              0,
              0
            ]
          }
        },
        "bone4": {
          "rotation": {
            "0.0": [
              0,
              0,
              0
            ],
            "0.25": [
              0,
              0,
              7.75
            ],
            "0.5": [
              0,
              0,
              0
            ],
            "0.75": [
              0,
              0,
              7.75
            ],
            "1.0": [
              0,
              0,
              0
            ]
          },
          "position": [
            0,
            0,
            0
          ]
        },
        "leaf1": {
          "rotation": {
            "0.0": [
              0,
              0,
              0
            ],
            "0.25": [
              0,
              0,
              -8.75
            ],
            "0.5": [
              0,
              0,
              0
            ],
            "0.75": [
              0,
              0,
              -8.75
            ],
            "1.0": [
              0,
              0,
              0
            ]
          },
          "position": [
            0,
            0,
            0
          ]
        },
        "leaf2": {
          "rotation": {
            "0.0": [
              0,
              0,
              0
            ],
            "0.25": [
              9.95097,
              4.71189,
              -25.08956
            ],
            "0.5": [
              0,
              0,
              0
            ],
            "0.75": [
              9.95097,
              4.71189,
              -25.08956
            ],
            "1.0": [
              0,
              0,
              0
            ]
          },
          "position": [
            0,
            0,
            0
          ]
        },
        "leaf3": {
          "rotation": {
            "0.0": [
              0,
              0,
              0
            ],
            "0.25": [
              10.96875,
              2.51528,
              -12.75846
            ],
            "0.5": [
              0,
              0,
              0
            ],
            "0.75": [
              10.96875,
              2.51528,
              -12.75846
            ],
            "1.0": [
              0,
              0,
              0
            ]
          },
          "position": {
            "0.0": [
              0,
              0,
              0
            ],
            "0.25": [
              0.175,
              -0.825,
              0.15
            ],
            "0.5": [
              0,
              0,
              0
            ],
            "0.75": [
              0.175,
              -0.825,
              0.15
            ],
            "1.0": [
              0,
              0,
              0
            ]
          }
        },
        "leaf6": {
          "rotation": {
            "0.0": [
              0,
              0,
              0
            ],
            "0.25": [
              -9.18654,
              3.2806,
              19.48637
            ],
            "0.5": [
              0,
              0,
              0
            ],
            "0.75": [
              -9.18654,
              3.2806,
              19.48637
            ],
            "1.0": [
              0,
              0,
              0
            ]
          },
          "position": {
            "0.0": [
              0,
              0,
              0
            ],
            "0.25": [
              -0.05,
              -0.275,
              0
            ],
            "0.5": [
              0,
              0,
              0
            ],
            "0.75": [
              -0.05,
              -0.275,
              0
            ],
            "1.0": [
              0,
              0,
              0
            ]
          }
        }
      }
    },
    "animation.wood_golem.shoot": {
      "animation_length": 0.25,
      "bones": {
        "bone": {
          "rotation": [
            0,
            0,
            0
          ],
          "position": [
            0,
            0,
            0
          ],
          "scale": {
            "0.0": [
              1,
              1,
              1
            ],
            "0.125": [
              1,
              1,
              0.5
            ],
            "0.25": [
              1,
              1,
              1
            ]
          }
        }
      }
    },
    "animation.wood_golem.idle": {
      "loop": true,
      "animation_length": 0.5,
      "bones": {
        "head": {
          "position": {
            "0.0": [
              0,
              0,
              0
            ],
            "0.25": [
              0,
              -0.175,
              0
            ],
            "0.5": [
              0,
              0,
              0
            ]
          }
        },
        "leaf1": {
          "rotation": {
            "0.0": [
              0,
              0,
              0
            ],
            "0.25": [
              0,
              0,
              -8.75
            ],
            "0.5": [
              0,
              0,
              0
            ]
          },
          "position": [
            0,
            0,
            0
          ]
        },
        "leaf2": {
          "rotation": {
            "0.0": [
              0,
              0,
              0
            ],
            "0.25": [
              9.95097,
              4.71189,
              -25.08956
            ],
            "0.5": [
              0,
              0,
              0
            ]
          }
        },