{
  "format_version": "1.21.40",
  "minecraft:atmosphere_settings": {
    "description": {
      "identifier": "zombie:infected_ocean_atmospherics"
    },
    "horizon_blend_stops": {
      "min": {
        "0.000000": 0.0,
        "1.000000": 0.0
      },
      "start": {
        "0.000000": 0.6,
        "0.250000": 0.2,
        "0.750000": 0.15,
        "1.000000": 0.6
      },
      "mie_start": {
        "0.000000": 0.8,
        "0.200000": 1.2,
        "0.800000": 1.2,
        "1.000000": 0.8
      },
      "max": {
        "0.000000": 0.35,
        "1.000000": 0.35
      }
    },
    "rayleigh_strength": {
      "0.000000": 18.0,
      "0.250000": 12.0,
      "0.500000": 10.0,
      "0.750000": 12.0,
      "1.000000": 18.0
    },
    "sun_mie_strength": {
      "0.000000": 0.0,
      "0.250000": 0.65,
      "0.500000": 0.05,
      "0.750000": 0.65,
      "1.000000": 0.0
    },
    "moon_mie_strength": {
      "0.000000": 1.2,
      "1.000000": 1.2
    },
    "sun_glare_shape": {
      "0.000000": 0.0,
      "0.250000": 0.05,
      "0.500000": 0.0,
      "0.750000": 0.05,
      "1.000000": 0.0
    },
    "sky_zenith_color": {
      "0.000000": [255, 210, 70],
      "0.250000": [240, 215, 60],
      "0.500000": [170, 145, 40],
      "0.750000": [240, 215, 60],
      "1.000000": [255, 210, 70]
    },
    "sky_horizon_color": {
      "0.000000": [180, 90, 255],
      "0.250000": [170, 80, 240],
      "0.500000": [110, 50, 170],
      "0.750000": [170, 80, 240],
      "1.000000": [180, 90, 255]
    }
  }
}