{
	"format_version": "1.8.0",
	"animations": {
		"animation.scythe.tpp_groundattack": {
			"blend_weight": "v.is_first_person?0:1",
			"animation_length": 1,
			"bones": {
				"root": {
					"rotation": {
						"0.0": [0, 0, 0],
						"0.1": [0, 9.75, 0],
						"0.2": [0, 0, 0],
						"0.3": [0, -11, 0],
						"0.4333": [0, -11, 0],
						"0.6": [0, -7.5, 0],
						"0.9": [0, -0.62, 0],
						"1.0": [0, 0, 0]
					},
					"position": {
						"0.0": [0, 0, 0],
						"0.1": [0, 0, 0],
						"0.2": [0, -2.025, 0],
						"0.3": [0, -3.77, 0],
						"0.4333": [0, -2.97, 0],
						"0.6": [0, -3.87, 0],
						"0.9": [0, -0.32, 0],
						"1.0": [0, 0, 0]
					}
				},
				"waist": {
					"rotation": {
						"0.0": [0, 0, 0],
						"0.1": [-14, 8.5, -2],
						"0.2": [22.25, 3.75, 5.5],
						"0.3": [42.5, -6, -0.5],
						"0.4333": [51, -7, -3],
						"0.6": [45, -8.75, 1.5],
						"0.9": [3.75, -0.73, 0.13],
						"1.0": [0, 0, 0]
					},
					"position": {
						"0.0": [0, 0, 0],
						"0.1": [0, 0, 0],
						"0.2": [0, 0, 0],
						"0.3": [0, 0, 0],
						"0.4333": [0, 0, 0],
						"0.6": [0, 0, 0],
						"0.9": [0, 0, 0],
						"1.0": [0, 0, 0]
					}
				},
				"head": {
					"rotation": {
						"0.0": [0, 0, 0],
						"0.1": [10.5, -12.75, -2.5],
						"0.2": [-9.5, -1.25, 0.5],
						"0.3": [-9.5, 6.75, 0.5],
						"0.4333": [-23, 6.75, -2.25],
						"0.6": [-16.5, 2, -6.5],
						"0.9": [-1.37, 0.17, -0.54],
						"1.0": [0, 0, 0]
					}
				},
				"leftArm": {
					"rotation": {
						"0.0": [0, 0, 0],
						"0.1": [-107, -12.5, 2.5],
						"0.2": [-86.5, -12.5, 2.5],
						"0.3": [25, -12.5, -57],
						"0.4333": [25, -12.5, -57],
						"0.6": [33.5, -13.25, -59],
						"0.9": [2.79, -1.1, -4.92],
						"1.0": [0, 0, 0]
					},
					"position": {
						"0.0": [0, 0, 0],
						"0.1": [0.06586, -0.43344, -2.8279],
						"0.2": [-0.26514, 0.40338, -1.15574],
						"0.3": [0.39128, -0.67949, 1.29915],
						"0.4333": [0.39128, -0.67949, 1.29915],
						"0.6": [0.39, -0.68, 1.3],
						"0.9": [0.03, -0.06, 0.11],
						"1.0": [0, 0, 0]
					}
				},
				"rightArm": {
					"rotation": {
						"0.0": [0, 0, 0],
						"0.1": [-194.5, -19.75, 5.5],
						"0.2": [-204.5, -8.75, -0.5],
						"0.2667": [-184.28152, 3.28686, -0.81049],
						"0.3": [-68, 7.25, -5.75],
						"0.4333": [-69.25, 8.75, -5.75],
						"0.6": [-66.75, 5.75, -8.75],
						"0.9": [-5.56, 0.48, -0.73],
						"1.0": [0, 0, 0]
					},
					"position": {
						"0.0": [0, 0, 0],
						"0.1": [0.02063, 3.32192, -0.42165],
						"0.2": [-0.48348, 3.09212, 2.86399],
						"0.3": [0.81737, 1.0974, -0.83196],
						"0.4333": [0.87269, 1.83667, 0.16224],
						"0.6": [0.81166, 1.6914, -0.31383],
						"0.9": [0.07, 0.14, -0.03],
						"1.0": [0, 0, 0]
					}
				},
				"rightItem": {
					"rotation": {
						"0.0": [0, 0, 0],
						"0.1": [0, 0, 0],
						"0.2": [0, 0, 0],
						"0.3": [28.5, 0, 0],
						"0.4333": [20.25, 0, 0],
						"0.6": [22.25, 0, 0],
						"0.9": [1.85, 0, 0],
						"1.0": [0, 0, 0]
					},
					"position": {
						"0.0": [0, 0, 0],
						"0.1": [0, 0, 0],
						"0.2": [0, 0, 0],
						"0.3": [0, 0, 0],
						"0.4333": [0, 0, 0],
						"0.6": [0, 0, 0],
						"0.9": [0, 0, 0],
						"1.0": [0, 0, 0]
					}
				},
				"Weapon": {
					"rotation": {
						"0.0": [0, 0, 0],
						"0.1": [0, 0, 0],
						"0.2": [0, 0, 0],
						"0.3": [0, 0, 0],
						"0.4333": [0, 0, 0],
						"0.6": [0, 0, 0],
						"0.9": [0, 0, 0],
						"1.0": [0, 0, 0]
					}
				},
				"bone": {
					"rotation": {
						"0.0": [0, 0, 0],
						"0.1": [0, 0, 0],
						"0.2": [0, 0, 0],
						"0.3": [0, 0, 0],
						"0.4333": [0, 0, 0],
						"0.6": [0, 0, 0],
						"0.9": [0, 0, 0],
						"1.0": [0, 0, 0]
					},
					"position": {
						"0.0": [0, 0, 0],
						"0.1": [0, 0, 0],
						"0.2": [0, 0, 0],
						"0.3": [0, 0, 0],
						"0.4333": [0, 0, 0],
						"0.6": [0, 0, 0],
						"0.9": [0, 0, 0],
						"1.0": [0, 0, 0]
					}
				},
				"rightLeg": {
					"rotation": {
						"0.0": [0, 0, 0],
						"0.1": [7.25, 9.75, 5.25],
						"0.2": [25.5, 0.5, 7.75],
						"0.3": [48.5, 0.5, 7.75],
						"0.4333": [44.25, 0.5, 7.75],
						"0.6": [45.25, 0.5, 7.75],
						"0.9": [3.77, 0.04, 0.65],
						"1.0": [0, 0, 0]
					},
					"position": {
						"0.0": [0, 0, 0],
						"0.1": [0, 0, 0],
						"0.2": [0, 0, 0],
						"0.3": [0, 0, 0],
						"0.4333": [0, 0, 0],
						"0.6": [0, 0, 0],
						"0.9": [0, 0, 0],
						"1.0": [0, 0, 0]
					}
				},
				"leftLeg": {
					"rotation": {
						"0.0": [0, 0, 0],
						"0.1": [-37.75, -3, -7.25],
						"0.2": [-37.75, -7.25, -7.25],
						"0.3": [-37.75, -7.25, -7.25],
						"0.4333": [-34.25, -7.25, -7.25],
						"0.6": [-37.5, -11.25, -8],
						"0.9": [-3.12, -0.94, -0.67],
						"1.0": [0, 0, 0]
					},
					"position": {
						"0.0": [0, 0, 0],
						"0.1": [-0.02173, 0.36753, -0.47376],
						"0.2": [0.05894, -0.09819, -0.83683],
						"0.3": [0.06, -0.1, -0.84],
						"0.4333": [0.06, -0.1, -0.84],
						"0.6": [-0.18859, 0.51563, -0.23238],
						"0.9": [-0.02, 0.04, -0.02],
						"1.0": [0, 0, 0]
					}
				},
				"fpp": {
					"rotation": [0, 180, 0]
				},
				"particle": {
					"rotation": [0, 0, 180],
					"position": [0, 1.1, 42]
				}
			},
			"particle_effects": {
				"0.2667": [
					{
						"effect": "necromancer_scythe_shock_1",
						"locator": "locator"
					},
					{
						"effect": "necromancer_scythe_shock_2",
						"locator": "locator"
					},
					{
						"effect": "necromancer_scythe_shock_3",
						"locator": "locator"
					}
				]
			}
		},
		"animation.scythe.fpp_groundattack": {
			"animation_length": 0.4333,
			"bones": {
				"particle": {
					"rotation": [0, 0, 180],
					"position": [0, 1.1, 42]
				},
				"group": {
					"rotation": {
						"0.0": [60.25661, 3.47712, -68.56651],
						"0.1": [25.2566, 3.4771, -68.5665],
						"0.2": [137.7566, 3.4771, -68.5665],
						"0.3": [137.7566, 3.4771, -68.5665],
						"0.4333": [60.25661, 3.47712, -68.56651]
					},
					"position": {
						"0.0": [-3.13602, -25.35875, -3.67222],
						"0.1": [-18.47595, -20.71173, -8.16469],
						"0.2": [6.49044, -28.50443, -7.30924],
						"0.3": [6.49044, -28.50443, -7.30924],
						"0.4333": [-3.13602, -25.35875, -3.67222]
					}
				}
			},
			"particle_effects": {
				"0.0": [
					{
						"effect": "necromancer_scythe_shock_1",
						"locator": "locator"
					},
					{
						"effect": "necromancer_scythe_shock_2",
						"locator": "locator"
					},
					{
						"effect": "necromancer_scythe_shock_3",
						"locator": "locator"
					}
				]
			}
		}
	}
}