{
	"format_version": "1.8.0",
	"animations": {
		"animation.tpp_swing_melee": {
			"animation_length": 2,
			"bones": {
				"root": {
					"rotation": {
						"0.0": [0, 0, 0],
						"0.0667": [0, -19.75, 0],
						"0.2": [0, 26.25, 0],
						"0.3": [0, 35.75, 0],
						"0.4667": [0, 21, 0],
						"0.7": [0, 2.1, 0],
						"0.8": [0, 0, 0]
					},
					"position": {
						"0.0": [0, 0, 0],
						"0.0667": [0, 0, 0],
						"0.2": [0, -1.875, 0],
						"0.3": [0, -1.395, 0],
						"0.4667": [0, -1.9, 0],
						"0.7": [0, -0.19, 0],
						"0.8": [0, 0, 0]
					}
				},
				"waist": {
					"rotation": {
						"0.0": [0, 0, 0],
						"0.0667": [-7.25, -15, 1],
						"0.1333": [23.62, -12.25, -0.5],
						"0.2": [18.5, 6, 7.5],
						"0.3": [20.25, 10.25, 13],
						"0.4667": [15.25, 10.25, 7.75],
						"0.7": [1.53, 1.03, 0.77],
						"0.8": [0, 0, 0]
					},
					"position": {
						"0.0": [0, 0, 0],
						"0.0667": [0.44546, -0.0815, 0.04757],
						"0.2": [0.1443, -0.40505, 0.13271],
						"0.3": [0.14, -0.41, 0.13],
						"0.4667": [0.14, -0.41, 0.13],
						"0.7": [0.01, -0.04, 0.01],
						"0.8": [0, 0, 0]
					}
				},
				"head": {
					"rotation": {
						"0.0": [0, 0, 0],
						"0.0667": [6.5, 17.75, -12],
						"0.1333": [-0.5, 1, -6.88],
						"0.2": [-7.5, -31.25, -1.25],
						"0.3": [-7.5, -37, 3],
						"0.4667": [1, -29.75, -0.75],
						"0.7": [0.1, -2.97, -0.07],
						"0.8": [0, 0, 0]
					}
				},
				"leftArm": {
					"rotation": {
						"0.0": [0, 0, 0],
						"0.0667": [-29.75, 0, -58.5],
						"0.1333": [17.75, 0, -75],
						"0.2": [36.75, 0, -58.5],
						"0.3": [48.5, 0, -62.25],
						"0.4667": [29.25, -13.25, -71.75],
						"0.7": [2.93, -1.32, -7.17],
						"0.8": [0, 0, 0]
					},
					"position": {
						"0.0": [0, 0, 0],
						"0.0667": [0.0845, -0.05178, -1.43881],
						"0.2": [0.47373, -0.29128, 0.42461],
						"0.3": [0.47, -0.29, 0.42],
						"0.4667": [0.47, -0.29, 0.42],
						"0.7": [0.05, -0.03, 0.04],
						"0.8": [0, 0, 0]
					}
				},
				"rightArm": {
					"rotation": {
						"0.0": [0, 0, 0],
						"0.0667": [-114.75, -14.75, 60],
						"0.1333": [-99, 13, 89.25],
						"0.2": [33.75, 1.75, 95],
						"0.3": [30.75, 3, 93.5],
						"0.4667": [50.75, -2, 95.75],
						"0.7": [5.07, -0.2, 9.58],
						"0.8": [0, 0, 0]
					},
					"position": {
						"0.0": [0, 0, 0],
						"0.0667": [1.12865, 0.46174, -4.16237],
						"0.2": [-1.27304, 0.47259, -2.03062],
						"0.3": [-1.91542, 0.28839, 2.18075],
						"0.4667": [0.11683, -0.00607, 0.16222],
						"0.7": [0.01, 0, 0.02],
						"0.8": [0, 0, 0]
					}
				},
				"rightItem": {
					"rotation": {
						"0.0": [0, 0, 0],
						"0.0667": [0, 0, 0],
						"0.1333": [80.25, 0, 0],
						"0.2": [58.5, 0, 0],
						"0.3": [58.5, 0, 0],
						"0.4667": [58.5, 0, 0],
						"0.7": [5.85, 0, 0],
						"0.8": [0, 0, 0]
					},
					"position": {
						"0.0": [0, 0, 0],
						"0.0667": [0, 0, 0],
						"0.2": [0, 0, 0],
						"0.3": [0, 0, 0],
						"0.4667": [0, 0, 0],
						"0.7": [0, 0, 0],
						"0.8": [0, 0, 0]
					}
				},
				"Weapon": {
					"rotation": {
						"0.0": [0, 0, 0],
						"0.0667": [0, 0, 0],
						"0.2": [0, 0, 0],
						"0.3": [0, 0, 0],
						"0.4667": [0, 0, 0],
						"0.7": [0, 0, 0],
						"0.8": [0, 0, 0]
					}
				},
				"rightLeg": {
					"rotation": {
						"0.0": [0, 0, 0],
						"0.0667": [9, 7.5, 7.75],
						"0.2": [9, 7.5, 25],
						"0.3": [4.5, 15.5, 25],
						"0.4667": [15, 11, 27.25],
						"0.7": [1.57, 1.1, 2.5],
						"0.8": [0, 0, 0]
					},
					"position": {
						"0.0": [0, 0, 0],
						"0.0667": [0, 0, 0],
						"0.2": [0, 0, 0],
						"0.3": [0, 0, 0],
						"0.4667": [0, 0, 0],
						"0.7": [0, 0, 0],
						"0.8": [0, 0, 0]
					}
				},
				"leftLeg": {
					"rotation": {
						"0.0": [0, 0, 0],
						"0.0667": [-1.75, -20.75, -11.25],
						"0.2": [-2, -21.75, -23.5],
						"0.3": [4, -16.75, -26.25],
						"0.4667": [-6.75, -24.5, -19.75],
						"0.7": [-0.67, -2.35, -2.05],
						"0.8": [0, 0, 0]
					},
					"position": {
						"0.0": [0, 0, 0],
						"0.0667": [0, 0, 0],
						"0.2": [0.01717, 0.31077, -0.72068],
						"0.3": [0.15786, -0.03742, -0.68964],
						"0.4667": [0.16, -0.04, -0.69],
						"0.7": [0.02, 0, -0.07],
						"0.8": [0, 0, 0]
					}
				},
				"bone": {
					"rotation": {
						"0.0": [0, 0, 0],
						"0.0667": [0, 0, 0],
						"0.2": [0, 0, 0],
						"0.3": [0, 0, 0],
						"0.4667": [0, 0, 0],
						"0.7": [0, 0, 0],
						"0.8": [0, 0, 0]
					},
					"position": {
						"0.0": [0, 0, 0],
						"0.0667": [0, 0, 0],
						"0.2": [0, 0, 0],
						"0.3": [0, 0, 0],
						"0.4667": [0, 0, 0],
						"0.7": [0, 0, 0],
						"0.8": [0, 0, 0]
					}
				},
				"particle": {
					"rotation": [-17.5, 0, -177.5],
					"position": [0, 26, 0]
				}
			},
			"particle_effects": {
				"0.0333": {
					"effect": "necromancer_scythe_track",
					"locator": "locator"
				}
			}
		},
		"animation.fpp_swing_melee": {
			"animation_length": 0.8,
			"bones": {
				"root": {
					"rotation": [0, 180, 0]
				},
				"body": {
					"rotation": {
						"0.0": [0, 0, 0],
						"0.0667": [0, -22, 0],
						"0.2": [0, 27, 0],
						"0.3": [0, 23, 0],
						"0.4667": [0, 13, 0],
						"0.7": [0, 1.3, 0],
						"0.8": [0, 0, 0]
					},
					"position": {
						"0.0": [0, 0, 0],
						"0.0667": [0, 0, 0],
						"0.2": [0, 0, 0],
						"0.3": [0, 0, 0],
						"0.4667": [0, 0, 0],
						"0.7": [0, 0, 0],
						"0.8": [0, 0, 0]
					}
				},
				"leftArm": {
					"rotation": {
						"0.0": [-95, 2.5, 0],
						"0.0667": [-31.25, -26.75, -45.25],
						"0.2": [18.25, -26.75, -61.5],
						"0.3": [7.25, -26.75, -61.5],
						"0.4667": [-13.25, -26.75, -45.25],
						"0.7": [-88.62, -0.43, -4.52],
						"0.8": [-95, 2.5, 0]
					},
					"position": {
						"0.0": [5.49658, -1.69558, -8.2812],
						"0.0667": [5.85496, -2.89914, -1.76733],
						"0.2": [4.2623, -4.28993, 2.16802],
						"0.3": [4.2623, -4.28993, 2.16802],
						"0.4667": [5.85, -2.9, -1.77],
						"0.7": [5.53, -1.82, -7.63],
						"0.8": [5.49658, -1.69558, -8.2812]
					}
				},
				"rightArm": {
					"rotation": {
						"0.0": [-95, -2.5, 0],
						"0.0667": [-122, 7.5, 83],
						"0.1333": [-96.75, 7.25, 91],
						"0.2": [-46, -0.5, 83],
						"0.3": [-36, -0.5, 83],
						"0.4667": [-30, 10.25, 64],
						"0.7": [-88.5, -1.22, 6.4],
						"0.8": [-95, -2.5, 0]
					},
					"position": {
						"0.0": [-5.49658, -1.69558, -8.2812],
						"0.0667": [0.19457, -1.7, -8.03137],
						"0.2": [-0.70533, -1.81815, -8.96511],
						"0.3": [-1.77313, -1.95738, -9.74879],
						"0.4667": [-1.77, -1.96, -9.75],
						"0.7": [-5.12, -1.72, -8.43],
						"0.8": [-5.49658, -1.69558, -8.2812]
					}
				},
				"rightItem": {
					"rotation": {
						"0.0": [0, 0, 0],
						"0.0667": [0, 0, 0],
						"0.1333": [80.25, 0, 0],
						"0.2": [58.5, 0, 0],
						"0.3": [58.5, 0, 0],
						"0.4667": [58.5, 0, 0],
						"0.7": [5.85, 0, 0],
						"0.8": [0, 0, 0]
					},
					"position": {
						"0.0": [0, 0, 0],
						"0.0667": [0, 0, 0],
						"0.2": [0, 0, 0],
						"0.3": [0, 0, 0],
						"0.4667": [0, 0, 0],
						"0.7": [0, 0, 0],
						"0.8": [0, 0, 0]
					}
				},
				"bone": {
					"scale": 1
				},
				"particle": {
					"rotation": [-17.5, 0, -177.5],
					"position": [0, 26, 0]
				},
				"fpp": {
					"rotation": [0, 180, 0]
				}
			},
			"particle_effects": {
				"0.0333": {
					"effect": "necromancer_scythe_track",
					"locator": "locator"
				}
			}
		}
	}
}